"contract_id","contract_type","state","clause_text","clause_category","risk_level","reason","applicable_law_or_rule","source","permission_status","reviewer"
"NDA_FINNET_001","NDA","Delhi","INTERPRETATION","DEFINITIONS","PRELIMINARY_LOW","Defines how references to clauses, companies, persons, statutes, days, business days, time and referenced documents are to be interpreted.","No substantive commercial restriction; mainly establishes interpretation rules.","","FINnet2.0-Pre-Contract-NDA.pdf — FIU-IND, Ministry of Finance, Government of India","Pending qualified Indian lawyer review"
"NDA_FINNET_001","NDA","Delhi","AMBIGUITIES WITHIN AGREEMENT","CONTRACT_INTERPRETATION","PRELIMINARY_MEDIUM","Specific provisions prevail over general provisions; the Agreement prevails over Schedules unless otherwise expressly provided; values written in words prevail over numerals.","Determines which provision controls if drafting conflicts arise.","","FINnet2.0-Pre-Contract-NDA.pdf — FIU-IND, Ministry of Finance, Government of India","Pending qualified Indian lawyer review"
"NDA_FINNET_001","NDA","Delhi","TERM","TERM","PRELIMINARY_MEDIUM","This agreement will remain in effect till six (6) months post the expiry of the contract for the on boarded MSP unless explicitly extended by FIU-IND.","Creates confidentiality coverage beyond the underlying contract and allows extension by one party.","","FINnet2.0-Pre-Contract-NDA.pdf — FIU-IND, Ministry of Finance, Government of India","Pending qualified Indian lawyer review"
"NDA_FINNET_001","NDA","Delhi","SCOPE OF THE AGREEMENT","CONFIDENTIALITY","PRELIMINARY_HIGH","Applies to confidential and proprietary information disclosed by the Disclosing Party and information identified as confidential before or within 30 days after disclosure. It includes RFPs, specifications, documents, software, prototypes, technical information and copies/derivatives, and may be communicated in writing, orally, visually or by other means.","Broad definition and retrospective designation window can materially expand protected information.","","FINnet2.0-Pre-Contract-NDA.pdf — FIU-IND, Ministry of Finance, Government of India","Pending qualified Indian lawyer review"
"NDA_FINNET_001","NDA","Delhi","OBLIGATIONS OF THE RECEIVING PARTY","CONFIDENTIALITY","PRELIMINARY_HIGH","The Receiving Party must use Confidential Information only for the Business Purpose; protect it with appropriate care; restrict employee access to a need-to-know basis; bind employees and third-party consultants/contractors to equivalent confidentiality obligations; reproduce information only when essential; return or certify destruction on request subject to a limited archival copy; obtain written approval before removing information from premises; protect approved removals; and promptly return tangible confidential items.","Imposes multiple operational, access-control, reproduction, third-party and return/destruction obligations.","","FINnet2.0-Pre-Contract-NDA.pdf — FIU-IND, Ministry of Finance, Government of India","Pending qualified Indian lawyer review"
"NDA_FINNET_001","NDA","Delhi","EXCEPTIONS TO CONFIDENTIAL INFORMATION","CONFIDENTIALITY_EXCEPTION","PRELIMINARY_MEDIUM","Restrictions do not apply where the Receiving Party can demonstrate independent development or unrestricted receipt; public availability without breach; prior unrestricted possession/knowledge; legally compelled disclosure with prompt notice and reasonable cooperation; prior consent; certain pre-existing possession; or lawful availability from another source without breach.","Provides important exclusions, but requires the Receiving Party to establish the relevant exception.","","FINnet2.0-Pre-Contract-NDA.pdf — FIU-IND, Ministry of Finance, Government of India","Pending qualified Indian lawyer review"
"NDA_FINNET_001","NDA","Delhi","OWNERSHIP OF THE CONFIDENTIAL INFORMATION","INTELLECTUAL_PROPERTY","PRELIMINARY_HIGH","Confidential Information remains owned by the Disclosing Party or its licensors. Disclosure grants no express or implied licence in trademarks, patents, copyright, mask-work rights, trade secrets or other IP. The document also disclaims warranties regarding the information and preserves general learning, skills and know-how subject to the stated restrictions.","Clarifies ownership and denies implied IP licences; affects use of information and future work.","","FINnet2.0-Pre-Contract-NDA.pdf — FIU-IND, Ministry of Finance, Government of India","Pending qualified Indian lawyer review"
"NDA_FINNET_001","NDA","Delhi","DISPUTE RESOLUTION","DISPUTE_RESOLUTION","PRELIMINARY_HIGH","A party must follow the dispute procedure before arbitration or court proceedings except urgent interlocutory relief. Notice must be given; senior executives attempt resolution for 14 days; unresolved disputes go to a sole arbitrator by mutual consent, with appointment by the High Court of Delhi if agreement is not reached within one month. The Arbitration and Conciliation Act, 1996 applies, with proceedings at the jurisdiction specified in Item 27. The Disclosing Party may also seek immediate injunctive relief.","Controls escalation, arbitration and urgent remedies and specifies a Delhi-related appointment mechanism.","Arbitration and Conciliation Act, 1996","FINnet2.0-Pre-Contract-NDA.pdf — FIU-IND, Ministry of Finance, Government of India","Pending qualified Indian lawyer review"
"NDA_FINNET_001","NDA","Delhi","VARIATION","AMENDMENT","PRELIMINARY_LOW","This agreement may only be varied in writing and signed by both Parties.","Prevents informal modification.","","FINnet2.0-Pre-Contract-NDA.pdf — FIU-IND, Ministry of Finance, Government of India","Pending qualified Indian lawyer review"
"NDA_FINNET_001","NDA","Delhi","WAIVER","WAIVER","PRELIMINARY_LOW","Any waiver, including partial or conditional waiver, must be in writing, must not waive other or subsequent defaults, must be executed by an authorised representative and does not affect validity or enforceability.","Limits informal waiver and preserves future enforcement rights.","","FINnet2.0-Pre-Contract-NDA.pdf — FIU-IND, Ministry of Finance, Government of India","Pending qualified Indian lawyer review"
"NDA_FINNET_001","NDA","Delhi","EXCLUSION OF IMPLIED WARRANTIES","WARRANTIES","PRELIMINARY_MEDIUM","The agreement expressly excludes warranties, conditions or undertakings implied by law, custom, other agreements or representations not contained in a binding agreement executed by both Parties.","May materially limit implied contractual assurances.","","FINnet2.0-Pre-Contract-NDA.pdf — FIU-IND, Ministry of Finance, Government of India","Pending qualified Indian lawyer review"
"NDA_FINNET_001","NDA","Delhi","ENTIRE AGREEMENT","ENTIRE_AGREEMENT","PRELIMINARY_MEDIUM","The agreement constitutes the complete and exclusive statement of its terms; amendments require written execution by authorised persons; prior written or oral understandings and communications relating to the agreement are abrogated and withdrawn.","Can exclude reliance on prior representations or understandings.","","FINnet2.0-Pre-Contract-NDA.pdf — FIU-IND, Ministry of Finance, Government of India","Pending qualified Indian lawyer review"
"NDA_FINNET_001","NDA","Delhi","SEVERABILITY","SEVERABILITY","PRELIMINARY_LOW","If a provision becomes invalid, illegal or unenforceable, the remaining provisions remain unaffected and the parties are to negotiate a replacement provision as nearly as practicable.","Preserves the remainder of the agreement if one provision fails.","","FINnet2.0-Pre-Contract-NDA.pdf — FIU-IND, Ministry of Finance, Government of India","Pending qualified Indian lawyer review"
"NDA_FINNET_001","NDA","Delhi","NO PARTNERSHIP","RELATIONSHIP","PRELIMINARY_LOW","The agreement does not create a partnership, joint venture, agency, employment relationship or authority for one party to bind the other, except as expressly provided.","Clarifies that the NDA does not itself create a broader business relationship.","","FINnet2.0-Pre-Contract-NDA.pdf — FIU-IND, Ministry of Finance, Government of India","Pending qualified Indian lawyer review"
"NDA_FINNET_001","NDA","Delhi","THIRD PARTIES","THIRD_PARTY_RIGHTS","PRELIMINARY_MEDIUM","The agreement addresses the extent to which persons other than the Parties may have rights or be affected by the agreement and limits third-party enforcement except as expressly contemplated.","Third-party rights can affect enforcement and should be checked against the exact wording in the signed agreement.","","FINnet2.0-Pre-Contract-NDA.pdf — FIU-IND, Ministry of Finance, Government of India","Pending qualified Indian lawyer review"
"NDA_FINNET_001","NDA","Delhi","SUCCESSORS AND ASSIGNS","ASSIGNMENT","PRELIMINARY_MEDIUM","The agreement provides for its effect on permitted successors and assigns and regulates the extent to which contractual rights and obligations continue following permitted succession or assignment.","Assignment can change the identity of the counterparty while preserving obligations.","","FINnet2.0-Pre-Contract-NDA.pdf — FIU-IND, Ministry of Finance, Government of India","Pending qualified Indian lawyer review"
"NDA_FINNET_001","NDA","Delhi","NOTICES","NOTICES","PRELIMINARY_LOW","Provides the contractual mechanism for notices between the parties, including the designated method/address details contained in the agreement.","Notice defects can affect whether contractual notices are effective.","","FINnet2.0-Pre-Contract-NDA.pdf — FIU-IND, Ministry of Finance, Government of India","Pending qualified Indian lawyer review"
"NDA_FINNET_001","NDA","Delhi","LANGUAGE","GENERAL","PRELIMINARY_LOW","Provides the language governing the agreement and related interpretation of its terms.","Primarily an interpretive provision.","","FINnet2.0-Pre-Contract-NDA.pdf — FIU-IND, Ministry of Finance, Government of India","Pending qualified Indian lawyer review"
"NDA_FINNET_001","NDA","Delhi","MITIGATION","MITIGATION","PRELIMINARY_MEDIUM","Requires the relevant party to take reasonable steps to mitigate loss or consequences arising from a breach or dispute.","Can affect the amount or recoverability of claimed loss.","","FINnet2.0-Pre-Contract-NDA.pdf — FIU-IND, Ministry of Finance, Government of India","Pending qualified Indian lawyer review"
"NDA_BRPL_001","NDA / Vendor Services","Delhi","1. PERSONAL INFORMATION / SENSITIVE PERSONAL DATA","DATA_PROTECTION","PRELIMINARY_HIGH","Defines PERSONAL INFORMATION and SENSITIVE PERSONAL DATA by reference to the Information Technology (Reasonable Security Practices and Procedures and Sensitive Personal Data or Information) Rules, 2011 or other applicable Indian law as amended.","Imports external legal definitions and may become outdated when legislation changes.","Information Technology Act, 2000; IT SPDI Rules, 2011 (as cited by the source)","Format_for_Non-Disclosure_Areement.pdf — BRPL / Rajdhani Power Limited vendor-services NDA","Pending qualified Indian lawyer review"
"NDA_BRPL_001","NDA / Vendor Services","Delhi","2. CONFIDENTIAL INFORMATION","CONFIDENTIALITY","PRELIMINARY_HIGH","Defines Confidential Information broadly to include non-public business information, technical and technological information, software, computer systems, equipment, LAN/WAN infrastructure and designs, passwords, login IDs, commercial, marketing and financial information, data, ideas, programs, operations, processes and documents, whether disclosed orally, in writing or otherwise.","Very broad scope includes security credentials and sensitive business information.","","Format_for_Non-Disclosure_Areement.pdf — BRPL / Rajdhani Power Limited vendor-services NDA","Pending qualified Indian lawyer review"
"NDA_BRPL_001","NDA / Vendor Services","Delhi","3. ACCEPTANCE TO BRPL INFORMATION SECURITY POLICY","INFORMATION_SECURITY","PRELIMINARY_HIGH","BRPL retains ownership of files and information on its systems; may access information given to the Vendor when genuinely needed; may monitor, access, retrieve and read information transmitted through its network; requires secure return/destruction of information and equipment; requires compliance with information-security policies and applicable law; permits claims for losses and third-party liabilities; and provides for disciplinary/system-access/termination and damages consequences for non-compliance.","Creates extensive monitoring, security, compliance and liability obligations.","Information Technology Act, 2000; source also cites Delhi Electricity Regulatory Commission directions","Format_for_Non-Disclosure_Areement.pdf — BRPL / Rajdhani Power Limited vendor-services NDA","Pending qualified Indian lawyer review"
"NDA_BRPL_001","NDA / Vendor Services","Delhi","4. EXCLUSIONS TO THE CONFIDENTIALITY AGREEMENT","CONFIDENTIALITY_EXCEPTION","PRELIMINARY_MEDIUM","Confidentiality obligations do not apply where the Vendor can establish that information was already known, was public at disclosure, later entered the public domain without breach, came from a lawful third party, was independently developed, or was required to be disclosed by law. Information is not treated as public merely because a few members of the public know it.","Provides standard exclusions but places an evidentiary burden on the Vendor.","","Format_for_Non-Disclosure_Areement.pdf — BRPL / Rajdhani Power Limited vendor-services NDA","Pending qualified Indian lawyer review"
"NDA_BRPL_001","NDA / Vendor Services","Delhi","5. OBLIGATIONS OF THE VENDOR","CONFIDENTIALITY","PRELIMINARY_HIGH","The Vendor must use Confidential Information for its stated purposes, prevent unauthorised access, disclose only on a need-to-know basis, bind employees/associates to corresponding obligations, remain responsible for their breaches, notify BRPL of unauthorised use, obtain written permission before copying, notify BRPL of legally compelled disclosure and disclose only what is legally mandatory, apply specified security standards including ISO 27001 and the cited IT SPDI Rules, securely delete data and sanitise media, and comply with BRPL information-security policies.","Combines confidentiality, incident response, legal-disclosure, deletion and security-control requirements.","Information Technology Act, 2000; IT SPDI Rules, 2011; ISO 27001 cited by source","Format_for_Non-Disclosure_Areement.pdf — BRPL / Rajdhani Power Limited vendor-services NDA","Pending qualified Indian lawyer review"
"NDA_BRPL_001","NDA / Vendor Services","Delhi","6. RETURN OF CONFIDENTIAL INFORMATION","RETURN_OF_INFORMATION","PRELIMINARY_HIGH","Upon discontinuing an arrangement or on BRPL's request, the Vendor must promptly return or destroy Confidential Information and related copies, analyses, studies and derivative materials, certify destruction and confirm that no copies were retained, subject to a single compliance copy.","Requires broad return/destruction and written certification, including derivative materials.","","Format_for_Non-Disclosure_Areement.pdf — BRPL / Rajdhani Power Limited vendor-services NDA","Pending qualified Indian lawyer review"
"NDA_BRPL_001","NDA / Vendor Services","Delhi","7. TENURE OF THE AGREEMENT","TERM","PRELIMINARY_MEDIUM","The agreement remains valid for the specified number of years or until a definitive business agreement is entered into, or earlier determination through BRPL requiring return of Confidential Information, whichever occurs first. Vendor liability for breach of Personal/Sensitive/Confidential data continues after termination of the main agreement.","Creates potentially continuing post-termination data liability.","","Format_for_Non-Disclosure_Areement.pdf — BRPL / Rajdhani Power Limited vendor-services NDA","Pending qualified Indian lawyer review"
"NDA_BRPL_001","NDA / Vendor Services","Delhi","8. WARRANTY AS TO ACCURACY OR COMPLETENESS OF THE INFORMATION","WARRANTIES","PRELIMINARY_MEDIUM","BRPL makes no representation or warranty regarding the accuracy or completeness of Confidential Information and assumes no liability for damage, injury or loss resulting from its use.","Allocates information-quality risk to the Vendor.","","Format_for_Non-Disclosure_Areement.pdf — BRPL / Rajdhani Power Limited vendor-services NDA","Pending qualified Indian lawyer review"
"NDA_BRPL_001","NDA / Vendor Services","Delhi","9. RELATIONSHIP PRESUMPTIONS","RELATIONSHIP","PRELIMINARY_LOW","The NDA does not establish a proposed transaction or relationship, does not grant proprietary rights or IP licences, and does not create principal-agent or employer-employee relationships or authority to bind either party.","Clarifies the limited legal relationship created by the NDA.","","Format_for_Non-Disclosure_Areement.pdf — BRPL / Rajdhani Power Limited vendor-services NDA","Pending qualified Indian lawyer review"
"NDA_BRPL_001","NDA / Vendor Services","Delhi","10. INJUNCTIVE RELIEF AND SPECIFIC PERFORMANCE","REMEDIES","PRELIMINARY_HIGH","The Vendor acknowledges that unauthorised disclosure may cause irreparable harm and that monetary relief may be inadequate; BRPL may seek injunctive relief and/or specific performance in addition to other legal or equitable remedies.","Creates express access to equitable remedies for confidentiality breaches.","","Format_for_Non-Disclosure_Areement.pdf — BRPL / Rajdhani Power Limited vendor-services NDA","Pending qualified Indian lawyer review"
"NDA_BRPL_001","NDA / Vendor Services","Delhi","11. ENTIRE AGREEMENT","ENTIRE_AGREEMENT","PRELIMINARY_MEDIUM","The agreement represents the parties' entire intentions on its subject matter and supersedes material outside the agreement relating to that subject matter.","May displace prior communications concerning the same subject matter.","","Format_for_Non-Disclosure_Areement.pdf — BRPL / Rajdhani Power Limited vendor-services NDA","Pending qualified Indian lawyer review"
"NDA_BRPL_001","NDA / Vendor Services","Delhi","12. SEVERABILITY / NON-ASSIGNMENT / WAIVER / MODIFICATIONS / JURISDICTION & ARBITRATION","DISPUTE_RESOLUTION","PRELIMINARY_HIGH","Unlawful or unenforceable portions may be severed; assignment requires written agreement; waiver or modification must be in writing and signed by authorised representatives; the agreement is governed by Indian law and subject to Delhi courts; unresolved disputes concerning interpretation are referred to arbitration under the Arbitration and Conciliation Act, 1996, with each party appointing an arbitrator and those arbitrators appointing a third, venue Delhi, and fees shared equally.","Combines severability, assignment, waiver, amendment, governing law, court jurisdiction and arbitration.","Arbitration and Conciliation Act, 1996","Format_for_Non-Disclosure_Areement.pdf — BRPL / Rajdhani Power Limited vendor-services NDA","Pending qualified Indian lawyer review"
"NDA_BRPL_001","NDA / Vendor Services","Delhi","RELATED PARTY ACTS","THIRD_PARTY_RESPONSIBILITY","PRELIMINARY_HIGH","Acts or omissions that would constitute a Vendor breach are treated as Vendor responsibility when performed or omitted by a third party controlled by the Vendor, controlling the Vendor, or under common control.","Extends responsibility to specified related parties.","","Format_for_Non-Disclosure_Areement.pdf — BRPL / Rajdhani Power Limited vendor-services NDA","Pending qualified Indian lawyer review"
"EMP_HR_001","Employment Agreement","Not specified","1. APPOINTMENT & ROLE","EMPLOYMENT_ROLE","PRELIMINARY_MEDIUM","The Company appoints the Employee as [Designation] in the [Department] team, reporting to [Reporting Manager / Title]. The Employee accepts the appointment and agrees to perform the role's duties and reasonable additional duties assigned from time to time. The Agreement takes effect from the joining date.","Defines role and permits reasonable additional duties; placeholders require completion.","","HR.pdf — Employment Agreement template (OCR from 5-page image PDF)","Pending qualified Indian lawyer review"
"EMP_HR_001","Employment Agreement","Not specified","2. PLACE OF WORK","WORK_LOCATION","PRELIMINARY_MEDIUM","The Employee's base location is [Office Address, City]. The Company may, with reasonable notice, require the Employee to work from another location or in a hybrid/remote arrangement according to applicable policy.","Provides employer flexibility to change location/working arrangement.","Applicable state Shops and Establishments law","HR.pdf — Employment Agreement template (OCR from 5-page image PDF)","Pending qualified Indian lawyer review"
"EMP_HR_001","Employment Agreement","Not specified","3. COMPENSATION","COMPENSATION","PRELIMINARY_HIGH","Gross CTC is [amount] per annum with salary credited on the stated pay date after statutory deductions. Components include HRA, special/other allowances, employer PF contribution, gratuity provision and variable/performance pay under the incentive plan. TDS is deducted under the Income-tax Act, 1961 based on the Employee's elected tax regime.","Compensation depends on placeholders, variable pay terms and statutory deductions.","Income-tax Act, 1961; EPF-related law as applicable","HR.pdf — Employment Agreement template (OCR from 5-page image PDF)","Pending qualified Indian lawyer review"
"EMP_HR_001","Employment Agreement","Not specified","4. STATUTORY BENEFITS","STATUTORY_BENEFITS","PRELIMINARY_HIGH","The Employee is covered under EPF and ESI if within the wage threshold. Gratuity is payable under the Payment of Gratuity Act, 1972, with the source noting the Code on Social Security, 2020, after five years of continuous service subject to statutory exceptions. Contributions and eligibility follow rules in force.","Statutory eligibility and thresholds require current-law verification.","Employees' Provident Fund law; Employees' State Insurance law; Payment of Gratuity Act, 1972; Code on Social Security, 2020","HR.pdf — Employment Agreement template (OCR from 5-page image PDF)","Pending qualified Indian lawyer review"
"EMP_HR_001","Employment Agreement","Not specified","5. PROBATION & CONFIRMATION","PROBATION","PRELIMINARY_MEDIUM","Probation lasts [3/6] months. The Company may extend it once in writing by up to [3] months. On satisfactory performance the Employee is confirmed in writing. During probation either party may end the Agreement with [15] days' written notice or salary in lieu.","Defines probation and early termination but contains placeholders.","Applicable employment law","HR.pdf — Employment Agreement template (OCR from 5-page image PDF)","Pending qualified Indian lawyer review"
"EMP_HR_001","Employment Agreement","Not specified","6. WORKING HOURS & HOLIDAYS","WORKING_HOURS","PRELIMINARY_HIGH","Standard working hours are [9:30 AM to 6:30 PM], [Monday to Friday], with [Saturday and Sunday] as week-offs. The Employee receives national and festival holidays in the Company's annual list. Working hours will not exceed applicable state Shops and Establishments Act limits.","Working-hours compliance is expressly tied to state law.","Applicable state Shops and Establishments Act","HR.pdf — Employment Agreement template (OCR from 5-page image PDF)","Pending qualified Indian lawyer review"
"EMP_HR_001","Employment Agreement","Not specified","7. LEAVE","LEAVE","PRELIMINARY_HIGH","After confirmation, leave follows Company policy: [12] days earned leave accrued monthly, [6] casual leave days, [6] sick leave days, and statutory maternity/paternity leave as per law. Leave is applied through the HR system and is subject to manager approval. State Shops and Establishments Act minimums override a lower contractual figure.","Statutory minimums can override the contractual figures and require state-specific verification.","Applicable state Shops and Establishments Act; applicable maternity/paternity law","HR.pdf — Employment Agreement template (OCR from 5-page image PDF)","Pending qualified Indian lawyer review"
"EMP_HR_001","Employment Agreement","Not specified","8. CONFIDENTIALITY & INTELLECTUAL PROPERTY","CONFIDENTIALITY / INTELLECTUAL_PROPERTY","PRELIMINARY_HIGH","The Employee must keep business, technical, financial and customer information confidential during employment and after exit. All work product, inventions and IP created in the course of employment belong solely to the Company. The Employee must sign documents reasonably required to perfect the Company's ownership.","Combines post-employment confidentiality with ownership of employment-created work product.","Applicable Indian IP and contract law","HR.pdf — Employment Agreement template (OCR from 5-page image PDF)","Pending qualified Indian lawyer review"
"EMP_HR_001","Employment Agreement","Not specified","9. CONFLICT OF INTEREST & NON-SOLICITATION","NON_SOLICITATION","PRELIMINARY_HIGH","During employment the Employee may not take other paid work or a competing business without written consent. For [12] months after exit, the Employee may not solicit Company employees or customers with whom the Employee dealt in the last [12] months. Restrictions apply only to the extent enforceable under Section 27 of the Indian Contract Act, 1872.","Post-employment restraint requires careful legal review and fact-specific enforceability analysis.","Indian Contract Act, 1872, Section 27","HR.pdf — Employment Agreement template (OCR from 5-page image PDF)","Pending qualified Indian lawyer review"
"EMP_HR_001","Employment Agreement","Not specified","10. CODE OF CONDUCT","COMPLIANCE","PRELIMINARY_MEDIUM","The Employee agrees to follow Company HR policies, POSH policy, IT and information-security policy, and code of conduct, as amended from time to time. These policies are treated as part of the Agreement.","Incorporates external policies that may change over time.","Applicable employment law; POSH law as applicable","HR.pdf — Employment Agreement template (OCR from 5-page image PDF)","Pending qualified Indian lawyer review"
"EMP_HR_001","Employment Agreement","Not specified","11. NOTICE PERIOD","NOTICE / TERMINATION","PRELIMINARY_HIGH","After confirmation either party may end the Agreement with [60/90] days' written notice or salary in lieu of shortfall. The Company may waive part of the notice. The Employee must complete handover of duties and Company assets before the last working day.","Sets a substantial notice obligation and handover requirement.","Applicable employment law","HR.pdf — Employment Agreement template (OCR from 5-page image PDF)","Pending qualified Indian lawyer review"
"EMP_HR_001","Employment Agreement","Not specified","12. TERMINATION FOR CAUSE","TERMINATION","PRELIMINARY_HIGH","The Company may terminate without notice or pay in lieu for misconduct, fraud, confidentiality breach, unauthorised absence beyond [X] days or material policy breach, after giving the Employee a chance to be heard.","Immediate termination grounds and procedural fairness require careful review and precise drafting.","Applicable employment law","HR.pdf — Employment Agreement template (OCR from 5-page image PDF)","Pending qualified Indian lawyer review"
"EMP_HR_001","Employment Agreement","Not specified","13. FULL & FINAL SETTLEMENT","FINAL_SETTLEMENT","PRELIMINARY_MEDIUM","On exit, the Company will settle salary through the last working day, leave encashment and gratuity if eligible, net of recoveries and pending advances, within [45] days. A relieving letter and experience certificate will be issued after clearance.","Contains a payment timeline and post-exit documentation conditions.","Applicable wage, gratuity and employment law","HR.pdf — Employment Agreement template (OCR from 5-page image PDF)","Pending qualified Indian lawyer review"
"EMP_HR_001","Employment Agreement","Not specified","14. GOVERNING LAW & JURISDICTION","GOVERNING_LAW","PRELIMINARY_MEDIUM","The Agreement is governed by Indian law. Courts at [City] have exclusive jurisdiction over disputes, with the parties first attempting amicable resolution before legal remedies.","Jurisdiction is incomplete until the city is specified and may be subject to statutory forums.","Indian law; applicable labour/employment legislation","HR.pdf — Employment Agreement template (OCR from 5-page image PDF)","Pending qualified Indian lawyer review"
"EMP_HR_001","Employment Agreement","Not specified","15. ENTIRE AGREEMENT","ENTIRE_AGREEMENT","PRELIMINARY_MEDIUM","The Agreement, appointment letter and referenced policies constitute the entire understanding and supersede prior discussions. Changes must be in writing and signed by both parties.","Can affect reliance on prior discussions and requires written amendments.","","HR.pdf — Employment Agreement template (OCR from 5-page image PDF)","Pending qualified Indian lawyer review"
"EMP_LAWMENTO_001","Employment Agreement Template","Not specified","1. Position, Duties and Reporting","EMPLOYMENT_ROLE","PRELIMINARY_MEDIUM","Employee is appointed as [ROLE TITLE], reporting to [NAME/DESIGNATION], at [PLACE OF WORK], effective [START DATE], with duties in Schedule I and other reasonable duties. Employer may change duties or place of work on reasonable written notice.","Allows reasonable changes to duties and work location; placeholders require completion.","Applicable State Shops and Establishments Act / standing orders","LawMento-Employment-Agreement-Template.docx — LawMento, free template","Pending qualified Indian lawyer review"
"EMP_LAWMENTO_001","Employment Agreement Template","Not specified","2. Probation and Confirmation","PROBATION","PRELIMINARY_MEDIUM","First [THREE/SIX] months are probation. During probation either party may terminate on [NOTICE PERIOD] written notice. Confirmation is communicated in writing and is not presumed from silence.","Defines probation and avoids automatic confirmation by silence.","Applicable employment law","LawMento-Employment-Agreement-Template.docx — LawMento, free template","Pending qualified Indian lawyer review"
"EMP_LAWMENTO_001","Employment Agreement Template","Not specified","3. Compensation","COMPENSATION","PRELIMINARY_MEDIUM","CTC is Rs. [AMOUNT] per annum. Variable compensation of Rs. [AMOUNT] is discretionary and subject to performance assessment; payment in one year does not create an entitlement in subsequent years.","Discretionary variable compensation may require precise policy and performance criteria.","","LawMento-Employment-Agreement-Template.docx — LawMento, free template","Pending qualified Indian lawyer review"
"EMP_LAWMENTO_001","Employment Agreement Template","Not specified","4. Benefits and Leave","STATUTORY_BENEFITS","PRELIMINARY_HIGH","Employee receives [NUMBER] annual leave days, sick and casual leave under applicable law and Company policy, medical insurance under the scheme, and PF/gratuity as required by applicable law. Benefits are subject to Company policies as amended from time to time.","Statutory entitlements and policy amendments require current-law verification.","Applicable Indian employment and social-security law","LawMento-Employment-Agreement-Template.docx — LawMento, free template","Pending qualified Indian lawyer review"
"EMP_LAWMENTO_001","Employment Agreement Template","Not specified","5. Working Hours and Location","WORKING_HOURS","PRELIMINARY_HIGH","Standard hours are [HOURS] per day and [DAYS] per week. Additional hours may be required as reasonably necessary without additional compensation, subject to mandatory overtime provisions. Remote/hybrid arrangement is to be specified.","Additional-hours provision is expressly subject to mandatory overtime law.","Applicable State Shops and Establishments Act / overtime provisions","LawMento-Employment-Agreement-Template.docx — LawMento, free template","Pending qualified Indian lawyer review"
"EMP_LAWMENTO_001","Employment Agreement Template","Not specified","6. Full Time and Exclusivity","CONFLICT_OF_INTEREST","PRELIMINARY_MEDIUM","Employee must devote full working time, attention and skill to the Employer and may not engage in other employment, occupation or business without prior written consent. Actual or potential conflicts must be disclosed.","Creates exclusivity and conflict-disclosure obligations during employment.","","LawMento-Employment-Agreement-Template.docx — LawMento, free template","Pending qualified Indian lawyer review"
"EMP_LAWMENTO_001","Employment Agreement Template","Not specified","7. Intellectual Property","INTELLECTUAL_PROPERTY","PRELIMINARY_HIGH","IP in work created during employment, using Employer resources, or relating to Employer business is stated to vest in Employer from creation. Employee assigns such rights and waives moral rights to the fullest extent permitted by law, and must disclose inventions/designs/work and execute documents needed to perfect title.","Broad IP vesting and assignment language can affect work created outside ordinary workplace settings.","Applicable Indian copyright/IP law","LawMento-Employment-Agreement-Template.docx — LawMento, free template","Pending qualified Indian lawyer review"
"EMP_LAWMENTO_001","Employment Agreement Template","Not specified","8. Confidentiality","CONFIDENTIALITY","PRELIMINARY_HIGH","Employee must not use or disclose Confidential Information during or after employment except as necessary for duties or required by law. Confidential Information includes defined business, customer, supplier, pricing, technical, strategic and personnel information. On termination, materials must be returned and personal-device copies permanently deleted with written confirmation.","Creates continuing confidentiality and deletion obligations.","Applicable Indian contract/IP/data-protection law","LawMento-Employment-Agreement-Template.docx — LawMento, free template","Pending qualified Indian lawyer review"
"EMP_LAWMENTO_001","Employment Agreement Template","Not specified","9. Data Protection","DATA_PROTECTION","PRELIMINARY_HIGH","Employer processes listed employee personal data for employment-management purposes and states that processing is based on legitimate use under the Digital Personal Data Protection Act, 2023. Employee may exercise access, correction and grievance rights through specified contact details. Employee handling personal data must use it only for the stated purpose, not retain/transfer it without authorization, and report known breaches promptly.","Creates personal-data handling obligations and relies on a statutory framework that should be checked for current applicability.","Digital Personal Data Protection Act, 2023","LawMento-Employment-Agreement-Template.docx — LawMento, free template","Pending qualified Indian lawyer review"
"EMP_LAWMENTO_001","Employment Agreement Template","Not specified","10. Non-Solicitation","NON_SOLICITATION","PRELIMINARY_HIGH","For [TWELVE] months after termination, Employee may not directly or indirectly solicit or entice away Restricted Clients with whom the Employee had material personal dealings in the preceding [TWELVE] months. The clause expressly allows employment by or services to competitors and unsolicited approaches.","Post-employment restraint requires jurisdiction-specific legal review.","Indian Contract Act, 1872, Section 27","LawMento-Employment-Agreement-Template.docx — LawMento, free template","Pending qualified Indian lawyer review"
"EMP_LAWMENTO_001","Employment Agreement Template","Not specified","11. Notice and Termination","NOTICE / TERMINATION","PRELIMINARY_HIGH","Either party may terminate on [ONE/TWO/THREE] months' written notice or equivalent salary in lieu. Employer may terminate immediately for specified grounds such as gross misconduct, fraud, material breach not remedied within five days, dishonesty or criminal conviction.","Termination rights and summary-dismissal grounds materially affect both parties and require precise drafting.","Applicable employment law","LawMento-Employment-Agreement-Template.docx — LawMento, free template","Pending qualified Indian lawyer review"
"EMP_LAWMENTO_001","Employment Agreement Template","Not specified","12. Garden Leave","GARDEN_LEAVE","PRELIMINARY_MEDIUM","During notice, Employer may require Employee not to attend work, cease system/premises access and return equipment/materials while continuing full pay and benefits. Contractual obligations continue during the period.","Restricts work/access during notice while maintaining pay and benefits.","Applicable employment law","LawMento-Employment-Agreement-Template.docx — LawMento, free template","Pending qualified Indian lawyer review"
"EMP_LAWMENTO_001","Employment Agreement Template","Not specified","13. Post-Termination Obligations","POST_TERMINATION","PRELIMINARY_HIGH","By the last day, Employee must return Employer property, resign from employment-related directorships/offices and delete Confidential Information from personal devices. Clauses 8, 9 and 10 survive termination.","Extends confidentiality, data and non-solicitation obligations beyond termination.","Applicable Indian contract and employment law","LawMento-Employment-Agreement-Template.docx — LawMento, free template","Pending qualified Indian lawyer review"
"EMP_LAWMENTO_001","Employment Agreement Template","Not specified","14. Grievance and Discipline","DISCIPLINE","PRELIMINARY_MEDIUM","Employee must follow the Employer's grievance and disciplinary procedure in Schedule III as amended. The procedure is stated not to form part of the Agreement.","Incorporated procedures can materially affect employment administration even if stated not to be contractual.","Applicable employment law","LawMento-Employment-Agreement-Template.docx — LawMento, free template","Pending qualified Indian lawyer review"
"EMP_LAWMENTO_001","Employment Agreement Template","Not specified","15. Governing Law and Jurisdiction","GOVERNING_LAW","PRELIMINARY_MEDIUM","Agreement is governed by Indian law. Courts at [CITY] have exclusive jurisdiction, without prejudice to rights before labour courts or tribunals under applicable legislation.","Jurisdiction remains a placeholder and statutory forums are preserved.","Indian law; applicable labour legislation","LawMento-Employment-Agreement-Template.docx — LawMento, free template","Pending qualified Indian lawyer review"
"EMP_LAWMENTO_001","Employment Agreement Template","Not specified","16. Entire Agreement, Variation and Severability","ENTIRE_AGREEMENT","PRELIMINARY_MEDIUM","Agreement supersedes prior communications including the offer letter; changes require a written document signed by both parties; invalid or unenforceable provisions do not invalidate the remainder.","Controls amendment, prior communications and the effect of invalid provisions.","Applicable Indian contract law","LawMento-Employment-Agreement-Template.docx — LawMento, free template","Pending qualified Indian lawyer review"
